PDBsource,Smiles,rmvDumSmiles,HbondResidues
6SCM_L7H_A,[3*]N([H])[C@@]([H])(c1c([H])c(N([H])[H])c([H])c(C(F)(F)F)c1[H])C([H])([H])[H],[H]c1c(N([H])[H])c([H])c([C@]([H])(N([H])[H])C([H])([H])[H])c([H])c1C(F)(F)F,"MET878,ASN879"
6SCM_L7H_A,[9*]N([H])c1nc(C([H])([H])[H])nc2c([H])c(OC([H])([H])[H])c(O[C@]3([H])C([H])([H])OC([H])([H])C3([H])[H])c([H])c12,[H]c1c(OC([H])([H])[H])c(O[C@]2([H])C([H])([H])OC([H])([H])C2([H])[H])c([H])c2c(N([H])[H])nc(C([H])([H])[H])nc12,ASN879
6SCM_L7H_A,[4*][C@@]([H])(c1c([H])c(N([H])[H])c([H])c(C(F)(F)F)c1[H])C([H])([H])[H],[H]c1c(N([H])[H])c([H])c(C([H])([H])C([H])([H])[H])c([H])c1C(F)(F)F,MET878
6SCM_L7H_A,[9*]c1c([H])c(N([H])[H])c([H])c(C(F)(F)F)c1[H],[H]c1c([H])c(N([H])[H])c([H])c(C(F)(F)F)c1[H],MET878
6SCM_L7H_A,[3*]N([H])[C@]([10*])([H])C([H])([H])[H],[H]N([H])C([H])([H])C([H])([H])[H],ASN879
6SCM_L7H_A,[3*]N([H])[C@@]([18*])([H])c1c([H])c(N([H])[H])c([H])c(C(F)(F)F)c1[H],[H]c1c(N([H])[H])c([H])c(C([H])([H])N([H])[H])c([H])c1C(F)(F)F,"MET878,ASN879"
6SCM_L7H_A,[3*]N([H])[C@@]([H])(c1c([H])c([28*])c([H])c(C(F)(F)F)c1[H])C([H])([H])[H],[H]c1c([H])c(C(F)(F)F)c([H])c([C@]([H])(N([H])[H])C([H])([H])[H])c1[H],ASN879
6SCM_L7H_A,[3*]N([H])[C@@]([H])(c1c([H])c([21*])c([H])c(N([H])[H])c1[H])C([H])([H])[H],[H]c1c([H])c(N([H])[H])c([H])c([C@]([H])(N([H])[H])C([H])([H])[H])c1[H],"MET878,ASN879"
6SCM_L7H_A,[3*]N([H])[C@@]([H])(c1c([H])c(N([H])[H])c([H])c(C([24*])(F)F)c1[H])C([H])([H])[H],[H]c1c(N([H])[H])c([H])c([C@]([H])(N([H])[H])C([H])([H])[H])c([H])c1C([H])(F)F,"MET878,ASN879"
6SCM_L7H_A,[3*]N([H])[C@@]([H])(c1c([H])c(N([H])[H])c([H])c(C([25*])(F)F)c1[H])C([H])([H])[H],[H]c1c(N([H])[H])c([H])c([C@]([H])(N([H])[H])C([H])([H])[H])c([H])c1C([H])(F)F,"MET878,ASN879"
6SCM_L7H_A,[3*]N([H])[C@@]([H])(c1c([H])c(N([H])[H])c([H])c(C([26*])(F)F)c1[H])C([H])([H])[H],[H]c1c(N([H])[H])c([H])c([C@]([H])(N([H])[H])C([H])([H])[H])c([H])c1C([H])(F)F,"MET878,ASN879"
6SCM_L7H_A,[5*]c1nc(N([9*])[H])c2c([H])c(O[C@]3([H])C([H])([H])OC([H])([H])C3([H])[H])c(OC([H])([H])[H])c([H])c2n1,[H]c1nc(N([H])[H])c2c([H])c(O[C@]3([H])C([H])([H])OC([H])([H])C3([H])[H])c(OC([H])([H])[H])c([H])c2n1,ASN879
6SCM_L7H_A,[6*]Oc1c(O[C@]2([H])C([H])([H])OC([H])([H])C2([H])[H])c([H])c2c(N([9*])[H])nc(C([H])([H])[H])nc2c1[H],[H]Oc1c(O[C@]2([H])C([H])([H])OC([H])([H])C2([H])[H])c([H])c2c(N([H])[H])nc(C([H])([H])[H])nc2c1[H],ASN879
6SCM_L7H_A,[4*][C@@]([18*])([H])c1c([H])c(N([H])[H])c([H])c(C(F)(F)F)c1[H],[H]c1c(N([H])[H])c([H])c(C(F)(F)F)c([H])c1C([H])([H])[H],MET878
6SCM_L7H_A,[9*]N([H])c1nc(C([H])([H])[H])nc2c([H])c(OC([H])([H])[H])c(O[15*])c([H])c12,[H]Oc1c(OC([H])([H])[H])c([H])c2nc(C([H])([H])[H])nc(N([H])[H])c2c1[H],ASN879
6SCM_L7H_A,[9*]N([H])c1nc(C([H])([H])[H])nc2c([H])c([31*])c(O[C@]3([H])C([H])([H])OC([H])([H])C3([H])[H])c([H])c12,[H]c1c(O[C@]2([H])C([H])([H])OC([H])([H])C2([H])[H])c([H])c2c(N([H])[H])nc(C([H])([H])[H])nc2c1[H],ASN879
6SCM_L7H_A,[4*][C@@]([H])(c1c([H])c([21*])c([H])c(N([H])[H])c1[H])C([H])([H])[H],[H]c1c([H])c(N([H])[H])c([H])c(C([H])([H])C([H])([H])[H])c1[H],MET878
6SCM_L7H_A,[4*][C@@]([H])(c1c([H])c(N([H])[H])c([H])c(C([24*])(F)F)c1[H])C([H])([H])[H],[H]c1c(N([H])[H])c([H])c(C([H])([H])C([H])([H])[H])c([H])c1C([H])(F)F,MET878
6SCM_L7H_A,[4*][C@@]([H])(c1c([H])c(N([H])[H])c([H])c(C([25*])(F)F)c1[H])C([H])([H])[H],[H]c1c(N([H])[H])c([H])c(C([H])([H])C([H])([H])[H])c([H])c1C([H])(F)F,MET878
6SCM_L7H_A,[4*][C@@]([H])(c1c([H])c(N([H])[H])c([H])c(C([26*])(F)F)c1[H])C([H])([H])[H],[H]c1c(N([H])[H])c([H])c(C([H])([H])C([H])([H])[H])c([H])c1C([H])(F)F,MET878
6SCM_L7H_A,[9*]N([H])c1nc(C([H])([H])[H])nc2c([H])c(OC([H])([H])[H])c([30*])c([H])c12,[H]c1c(OC([H])([H])[H])c([H])c2nc(C([H])([H])[H])nc(N([H])[H])c2c1[H],ASN879
6SCM_L7H_A,[10*][C@]([H])(N([H])c1nc(C([H])([H])[H])nc2c([H])c(OC([H])([H])[H])c(O[15*])c([H])c12)C([H])([H])[H],[H]Oc1c(OC([H])([H])[H])c([H])c2nc(C([H])([H])[H])nc(N([H])C([H])([H])C([H])([H])[H])c2c1[H],ASN879
6SCM_L7H_A,[10*][C@]([H])(N([H])c1nc(C([H])([H])[H])nc2c([H])c([31*])c(O[C@]3([H])C([H])([H])OC([H])([H])C3([H])[H])c([H])c12)C([H])([H])[H],[H]c1c(O[C@]2([H])C([H])([H])OC([H])([H])C2([H])[H])c([H])c2c(N([H])C([H])([H])C([H])([H])[H])nc(C([H])([H])[H])nc2c1[H],ASN879
6SCM_L7H_A,[9*]c1c([H])c([21*])c([H])c(N([H])[H])c1[H],[H]c1c([H])c([H])c(N([H])[H])c([H])c1[H],MET878
6SCM_L7H_A,[9*]c1c([H])c(N([H])[H])c([H])c(C([24*])(F)F)c1[H],[H]c1c([H])c(N([H])[H])c([H])c(C([H])(F)F)c1[H],MET878
6SCM_L7H_A,[9*]c1c([H])c(N([H])[H])c([H])c(C([25*])(F)F)c1[H],[H]c1c([H])c(N([H])[H])c([H])c(C([H])(F)F)c1[H],MET878
6SCM_L7H_A,[9*]c1c([H])c(N([H])[H])c([H])c(C([26*])(F)F)c1[H],[H]c1c([H])c(N([H])[H])c([H])c(C([H])(F)F)c1[H],MET878
6SCM_L7H_A,[10*][C@]([H])(N([H])c1nc(C([H])([H])[H])nc2c([H])c(OC([H])([H])[H])c([30*])c([H])c12)C([H])([H])[H],[H]c1c(OC([H])([H])[H])c([H])c2nc(C([H])([H])[H])nc(N([H])C([H])([H])C([H])([H])[H])c2c1[H],ASN879
6SCM_L7H_A,[3*]N([H])[C@@]([10*])([18*])[H],[H]N([H])C([H])([H])[H],ASN879
6SCM_L7H_A,[3*]N([H])[C@@]([18*])([H])c1c([H])c([28*])c([H])c(C(F)(F)F)c1[H],[H]c1c([H])c(C(F)(F)F)c([H])c(C([H])([H])N([H])[H])c1[H],ASN879
6SCM_L7H_A,[3*]N([H])[C@@]([18*])([H])c1c([H])c([21*])c([H])c(N([H])[H])c1[H],[H]c1c([H])c(N([H])[H])c([H])c(C([H])([H])N([H])[H])c1[H],"MET878,ASN879"
6SCM_L7H_A,[3*]N([H])[C@@]([18*])([H])c1c([H])c(N([H])[H])c([H])c(C([24*])(F)F)c1[H],[H]c1c(N([H])[H])c([H])c(C([H])([H])N([H])[H])c([H])c1C([H])(F)F,"MET878,ASN879"
6SCM_L7H_A,[3*]N([H])[C@@]([18*])([H])c1c([H])c(N([H])[H])c([H])c(C([25*])(F)F)c1[H],[H]c1c(N([H])[H])c([H])c(C([H])([H])N([H])[H])c([H])c1C([H])(F)F,"MET878,ASN879"
6SCM_L7H_A,[3*]N([H])[C@@]([18*])([H])c1c([H])c(N([H])[H])c([H])c(C([26*])(F)F)c1[H],[H]c1c(N([H])[H])c([H])c(C([H])([H])N([H])[H])c([H])c1C([H])(F)F,"MET878,ASN879"
6SCM_L7H_A,[3*]N([H])[C@@]([H])(c1c([H])c([21*])c([H])c([28*])c1[H])C([H])([H])[H],[H]c1c([H])c([H])c([C@]([H])(N([H])[H])C([H])([H])[H])c([H])c1[H],ASN879
6SCM_L7H_A,[3*]N([H])[C@@]([H])(c1c([H])c([28*])c([H])c(C([24*])(F)F)c1[H])C([H])([H])[H],[H]c1c([H])c(C([H])(F)F)c([H])c([C@]([H])(N([H])[H])C([H])([H])[H])c1[H],ASN879
6SCM_L7H_A,[3*]N([H])[C@@]([H])(c1c([H])c([28*])c([H])c(C([25*])(F)F)c1[H])C([H])([H])[H],[H]c1c([H])c(C([H])(F)F)c([H])c([C@]([H])(N([H])[H])C([H])([H])[H])c1[H],ASN879
6SCM_L7H_A,[3*]N([H])[C@@]([H])(c1c([H])c([28*])c([H])c(C([26*])(F)F)c1[H])C([H])([H])[H],[H]c1c([H])c(C([H])(F)F)c([H])c([C@]([H])(N([H])[H])C([H])([H])[H])c1[H],ASN879
6SCM_L7H_A,[3*]N([H])[C@@]([H])(c1c([H])c(N([H])[H])c([H])c(C([24*])([25*])F)c1[H])C([H])([H])[H],[H]c1c(N([H])[H])c([H])c([C@]([H])(N([H])[H])C([H])([H])[H])c([H])c1C([H])([H])F,"MET878,ASN879"
6SCM_L7H_A,[3*]N([H])[C@@]([H])(c1c([H])c(N([H])[H])c([H])c(C([24*])([26*])F)c1[H])C([H])([H])[H],[H]c1c(N([H])[H])c([H])c([C@]([H])(N([H])[H])C([H])([H])[H])c([H])c1C([H])([H])F,"MET878,ASN879"
6SCM_L7H_A,[3*]N([H])[C@@]([H])(c1c([H])c(N([H])[H])c([H])c(C([25*])([26*])F)c1[H])C([H])([H])[H],[H]c1c(N([H])[H])c([H])c([C@]([H])(N([H])[H])C([H])([H])[H])c([H])c1C([H])([H])F,"MET878,ASN879"
6SCM_L7H_A,[5*]c1nc(N([9*])[H])c2c([H])c(O[C@]3([H])C([H])([H])OC([H])([H])C3([H])[H])c(O[6*])c([H])c2n1,[H]Oc1c(O[C@]2([H])C([H])([H])OC([H])([H])C2([H])[H])c([H])c2c(N([H])[H])nc([H])nc2c1[H],ASN879
6SCM_L7H_A,[5*]c1nc(N([9*])[H])c2c([H])c(O[15*])c(OC([H])([H])[H])c([H])c2n1,[H]Oc1c(OC([H])([H])[H])c([H])c2nc([H])nc(N([H])[H])c2c1[H],ASN879
6SCM_L7H_A,[5*]c1nc(N([9*])[H])c2c([H])c(O[C@]3([H])C([H])([H])OC([H])([H])C3([H])[H])c([31*])c([H])c2n1,[H]c1nc(N([H])[H])c2c([H])c(O[C@]3([H])C([H])([H])OC([H])([H])C3([H])[H])c([H])c([H])c2n1,ASN879
6SCM_L7H_A,[5*]c1nc(N([9*])[H])c2c([H])c([30*])c(OC([H])([H])[H])c([H])c2n1,[H]c1nc(N([H])[H])c2c([H])c([H])c(OC([H])([H])[H])c([H])c2n1,ASN879
6SCM_L7H_A,[6*]Oc1c(O[15*])c([H])c2c(N([9*])[H])nc(C([H])([H])[H])nc2c1[H],[H]Oc1c(O[H])c([H])c2c(N([H])[H])nc(C([H])([H])[H])nc2c1[H],ASN879
6SCM_L7H_A,[6*]Oc1c([30*])c([H])c2c(N([9*])[H])nc(C([H])([H])[H])nc2c1[H],[H]Oc1c([H])c([H])c2c(N([H])[H])nc(C([H])([H])[H])nc2c1[H],ASN879
6SCM_L7H_A,[4*][C@@]([18*])([H])c1c([H])c([21*])c([H])c(N([H])[H])c1[H],[H]c1c([H])c(N([H])[H])c([H])c(C([H])([H])[H])c1[H],MET878
6SCM_L7H_A,[4*][C@@]([18*])([H])c1c([H])c(N([H])[H])c([H])c(C([24*])(F)F)c1[H],[H]c1c(N([H])[H])c([H])c(C([H])(F)F)c([H])c1C([H])([H])[H],MET878
6SCM_L7H_A,[4*][C@@]([18*])([H])c1c([H])c(N([H])[H])c([H])c(C([25*])(F)F)c1[H],[H]c1c(N([H])[H])c([H])c(C([H])(F)F)c([H])c1C([H])([H])[H],MET878
6SCM_L7H_A,[4*][C@@]([18*])([H])c1c([H])c(N([H])[H])c([H])c(C([26*])(F)F)c1[H],[H]c1c(N([H])[H])c([H])c(C([H])(F)F)c([H])c1C([H])([H])[H],MET878
6SCM_L7H_A,[9*]N([H])c1nc(C([H])([H])[H])nc2c([H])c([31*])c(O[15*])c([H])c12,[H]Oc1c([H])c([H])c2nc(C([H])([H])[H])nc(N([H])[H])c2c1[H],ASN879
6SCM_L7H_A,[9*]N([H])c1nc(C([H])([H])[H])nc2c([H])c([31*])c([30*])c([H])c12,[H]c1c([H])c([H])c2c(N([H])[H])nc(C([H])([H])[H])nc2c1[H],ASN879
6SCM_L7H_A,[4*][C@@]([H])(c1c([H])c(N([H])[H])c([H])c(C([24*])([25*])F)c1[H])C([H])([H])[H],[H]c1c(N([H])[H])c([H])c(C([H])([H])C([H])([H])[H])c([H])c1C([H])([H])F,MET878
6SCM_L7H_A,[4*][C@@]([H])(c1c([H])c(N([H])[H])c([H])c(C([24*])([26*])F)c1[H])C([H])([H])[H],[H]c1c(N([H])[H])c([H])c(C([H])([H])C([H])([H])[H])c([H])c1C([H])([H])F,MET878
6SCM_L7H_A,[4*][C@@]([H])(c1c([H])c(N([H])[H])c([H])c(C([25*])([26*])F)c1[H])C([H])([H])[H],[H]c1c(N([H])[H])c([H])c(C([H])([H])C([H])([H])[H])c([H])c1C([H])([H])F,MET878
6SCM_L7H_A,[5*]c1nc(N([H])[C@]([10*])([H])C([H])([H])[H])c2c([H])c(O[C@]3([H])C([H])([H])OC([H])([H])C3([H])[H])c(O[6*])c([H])c2n1,[H]Oc1c(O[C@]2([H])C([H])([H])OC([H])([H])C2([H])[H])c([H])c2c(N([H])C([H])([H])C([H])([H])[H])nc([H])nc2c1[H],ASN879
6SCM_L7H_A,[5*]c1nc(N([H])[C@@]([10*])([18*])[H])c2c([H])c(O[C@]3([H])C([H])([H])OC([H])([H])C3([H])[H])c(OC([H])([H])[H])c([H])c2n1,[H]c1nc(N([H])C([H])([H])[H])c2c([H])c(O[C@]3([H])C([H])([H])OC([H])([H])C3([H])[H])c(OC([H])([H])[H])c([H])c2n1,ASN879
6SCM_L7H_A,[5*]c1nc(N([H])[C@]([10*])([H])C([H])([H])[H])c2c([H])c(O[15*])c(OC([H])([H])[H])c([H])c2n1,[H]Oc1c(OC([H])([H])[H])c([H])c2nc([H])nc(N([H])C([H])([H])C([H])([H])[H])c2c1[H],ASN879
6SCM_L7H_A,[5*]c1nc(N([H])[C@]([10*])([H])C([H])([H])[H])c2c([H])c(O[C@]3([H])C([H])([H])OC([H])([H])C3([H])[H])c([31*])c([H])c2n1,[H]c1nc(N([H])C([H])([H])C([H])([H])[H])c2c([H])c(O[C@]3([H])C([H])([H])OC([H])([H])C3([H])[H])c([H])c([H])c2n1,ASN879
6SCM_L7H_A,[5*]c1nc(N([H])[C@]([10*])([H])C([H])([H])[H])c2c([H])c([30*])c(OC([H])([H])[H])c([H])c2n1,[H]c1nc(N([H])C([H])([H])C([H])([H])[H])c2c([H])c([H])c(OC([H])([H])[H])c([H])c2n1,ASN879
6SCM_L7H_A,[6*]Oc1c(O[C@]2([H])C([H])([H])OC([H])([H])C2([H])[H])c([H])c2c(N([H])[C@@]([10*])([18*])[H])nc(C([H])([H])[H])nc2c1[H],[H]Oc1c(O[C@]2([H])C([H])([H])OC([H])([H])C2([H])[H])c([H])c2c(N([H])C([H])([H])[H])nc(C([H])([H])[H])nc2c1[H],ASN879
6SCM_L7H_A,[6*]Oc1c(O[15*])c([H])c2c(N([H])[C@]([10*])([H])C([H])([H])[H])nc(C([H])([H])[H])nc2c1[H],[H]Oc1c(O[H])c([H])c2c(N([H])C([H])([H])C([H])([H])[H])nc(C([H])([H])[H])nc2c1[H],ASN879
6SCM_L7H_A,[6*]Oc1c([30*])c([H])c2c(N([H])[C@]([10*])([H])C([H])([H])[H])nc(C([H])([H])[H])nc2c1[H],[H]Oc1c([H])c([H])c2c(N([H])C([H])([H])C([H])([H])[H])nc(C([H])([H])[H])nc2c1[H],ASN879
6SCM_L7H_A,[10*][C@]([18*])([H])N([H])c1nc(C([H])([H])[H])nc2c([H])c(OC([H])([H])[H])c(O[15*])c([H])c12,[H]Oc1c(OC([H])([H])[H])c([H])c2nc(C([H])([H])[H])nc(N([H])C([H])([H])[H])c2c1[H],ASN879
6SCM_L7H_A,[10*][C@]([18*])([H])N([H])c1nc(C([H])([H])[H])nc2c([H])c([31*])c(O[C@]3([H])C([H])([H])OC([H])([H])C3([H])[H])c([H])c12,[H]c1c(O[C@]2([H])C([H])([H])OC([H])([H])C2([H])[H])c([H])c2c(N([H])C([H])([H])[H])nc(C([H])([H])[H])nc2c1[H],ASN879
6SCM_L7H_A,[10*][C@]([18*])([H])N([H])c1nc(C([H])([H])[H])nc2c([H])c(OC([H])([H])[H])c([30*])c([H])c12,[H]c1c(OC([H])([H])[H])c([H])c2nc(C([H])([H])[H])nc(N([H])C([H])([H])[H])c2c1[H],ASN879
6SCM_L7H_A,[10*][C@]([H])(N([H])c1nc(C([H])([H])[H])nc2c([H])c([31*])c(O[15*])c([H])c12)C([H])([H])[H],[H]Oc1c([H])c([H])c2nc(C([H])([H])[H])nc(N([H])C([H])([H])C([H])([H])[H])c2c1[H],ASN879
6SCM_L7H_A,[10*][C@]([H])(N([H])c1nc(C([H])([H])[H])nc2c([H])c([31*])c([30*])c([H])c12)C([H])([H])[H],[H]c1c([H])c([H])c2c(N([H])C([H])([H])C([H])([H])[H])nc(C([H])([H])[H])nc2c1[H],ASN879
6SCM_L7H_A,[9*]c1c([H])c(N([H])[H])c([H])c(C([24*])([25*])F)c1[H],[H]c1c([H])c(N([H])[H])c([H])c(C([H])([H])F)c1[H],MET878
6SCM_L7H_A,[9*]c1c([H])c(N([H])[H])c([H])c(C([24*])([26*])F)c1[H],[H]c1c([H])c(N([H])[H])c([H])c(C([H])([H])F)c1[H],MET878
6SCM_L7H_A,[9*]c1c([H])c(N([H])[H])c([H])c(C([25*])([26*])F)c1[H],[H]c1c([H])c(N([H])[H])c([H])c(C([H])([H])F)c1[H],MET878
6SCM_L7H_A,[3*]N([H])[C@@]([18*])([H])c1c([H])c([21*])c([H])c([28*])c1[H],[H]c1c([H])c([H])c(C([H])([H])N([H])[H])c([H])c1[H],ASN879
6SCM_L7H_A,[3*]N([H])[C@@]([18*])([H])c1c([H])c([28*])c([H])c(C([24*])(F)F)c1[H],[H]c1c([H])c(C([H])(F)F)c([H])c(C([H])([H])N([H])[H])c1[H],ASN879
6SCM_L7H_A,[3*]N([H])[C@@]([18*])([H])c1c([H])c([28*])c([H])c(C([25*])(F)F)c1[H],[H]c1c([H])c(C([H])(F)F)c([H])c(C([H])([H])N([H])[H])c1[H],ASN879
6SCM_L7H_A,[3*]N([H])[C@@]([18*])([H])c1c([H])c([28*])c([H])c(C([26*])(F)F)c1[H],[H]c1c([H])c(C([H])(F)F)c([H])c(C([H])([H])N([H])[H])c1[H],ASN879
6SCM_L7H_A,[3*]N([H])[C@@]([18*])([H])c1c([H])c(N([H])[H])c([H])c(C([24*])([25*])F)c1[H],[H]c1c(N([H])[H])c([H])c(C([H])([H])N([H])[H])c([H])c1C([H])([H])F,"MET878,ASN879"
6SCM_L7H_A,[3*]N([H])[C@@]([18*])([H])c1c([H])c(N([H])[H])c([H])c(C([24*])([26*])F)c1[H],[H]c1c(N([H])[H])c([H])c(C([H])([H])N([H])[H])c([H])c1C([H])([H])F,"MET878,ASN879"
6SCM_L7H_A,[3*]N([H])[C@@]([18*])([H])c1c([H])c(N([H])[H])c([H])c(C([25*])([26*])F)c1[H],[H]c1c(N([H])[H])c([H])c(C([H])([H])N([H])[H])c([H])c1C([H])([H])F,"MET878,ASN879"
6SCM_L7H_A,[3*]N([H])[C@@]([H])(c1c([H])c([28*])c([H])c(C([24*])([25*])F)c1[H])C([H])([H])[H],[H]c1c([H])c(C([H])([H])F)c([H])c([C@]([H])(N([H])[H])C([H])([H])[H])c1[H],ASN879
6SCM_L7H_A,[3*]N([H])[C@@]([H])(c1c([H])c([28*])c([H])c(C([24*])([26*])F)c1[H])C([H])([H])[H],[H]c1c([H])c(C([H])([H])F)c([H])c([C@]([H])(N([H])[H])C([H])([H])[H])c1[H],ASN879
6SCM_L7H_A,[3*]N([H])[C@@]([H])(c1c([H])c([28*])c([H])c(C([25*])([26*])F)c1[H])C([H])([H])[H],[H]c1c([H])c(C([H])([H])F)c([H])c([C@]([H])(N([H])[H])C([H])([H])[H])c1[H],ASN879
6SCM_L7H_A,[3*]N([H])[C@@]([H])(c1c([H])c(N([H])[H])c([H])c(C([24*])([25*])[26*])c1[H])C([H])([H])[H],[H]c1c(N([H])[H])c([H])c([C@]([H])(N([H])[H])C([H])([H])[H])c([H])c1C([H])([H])[H],"MET878,ASN879"
6SCM_L7H_A,[5*]c1nc(N([9*])[H])c2c([H])c(O[15*])c(O[6*])c([H])c2n1,[H]Oc1c(O[H])c([H])c2c(N([H])[H])nc([H])nc2c1[H],ASN879
6SCM_L7H_A,[5*]c1nc(N([9*])[H])c2c([H])c([30*])c(O[6*])c([H])c2n1,[H]Oc1c([H])c([H])c2c(N([H])[H])nc([H])nc2c1[H],ASN879
6SCM_L7H_A,[5*]c1nc(N([9*])[H])c2c([H])c(O[15*])c([31*])c([H])c2n1,[H]Oc1c([H])c([H])c2nc([H])nc(N([H])[H])c2c1[H],ASN879
6SCM_L7H_A,[5*]c1nc(N([9*])[H])c2c([H])c([30*])c([31*])c([H])c2n1,[H]c1nc(N([H])[H])c2c([H])c([H])c([H])c([H])c2n1,ASN879
6SCM_L7H_A,[4*][C@@]([18*])([H])c1c([H])c(N([H])[H])c([H])c(C([24*])([25*])F)c1[H],[H]c1c(N([H])[H])c([H])c(C([H])([H])F)c([H])c1C([H])([H])[H],MET878
6SCM_L7H_A,[4*][C@@]([18*])([H])c1c([H])c(N([H])[H])c([H])c(C([24*])([26*])F)c1[H],[H]c1c(N([H])[H])c([H])c(C([H])([H])F)c([H])c1C([H])([H])[H],MET878
6SCM_L7H_A,[4*][C@@]([18*])([H])c1c([H])c(N([H])[H])c([H])c(C([25*])([26*])F)c1[H],[H]c1c(N([H])[H])c([H])c(C([H])([H])F)c([H])c1C([H])([H])[H],MET878
6SCM_L7H_A,[4*][C@@]([H])(c1c([H])c(N([H])[H])c([H])c(C([24*])([25*])[26*])c1[H])C([H])([H])[H],[H]c1c(N([H])[H])c([H])c(C([H])([H])C([H])([H])[H])c([H])c1C([H])([H])[H],MET878
6SCM_L7H_A,[5*]c1nc(N([H])[C@@]([10*])([18*])[H])c2c([H])c(O[C@]3([H])C([H])([H])OC([H])([H])C3([H])[H])c(O[6*])c([H])c2n1,[H]Oc1c(O[C@]2([H])C([H])([H])OC([H])([H])C2([H])[H])c([H])c2c(N([H])C([H])([H])[H])nc([H])nc2c1[H],ASN879
6SCM_L7H_A,[5*]c1nc(N([H])[C@]([10*])([H])C([H])([H])[H])c2c([H])c(O[15*])c(O[6*])c([H])c2n1,[H]Oc1c(O[H])c([H])c2c(N([H])C([H])([H])C([H])([H])[H])nc([H])nc2c1[H],ASN879
6SCM_L7H_A,[5*]c1nc(N([H])[C@]([10*])([H])C([H])([H])[H])c2c([H])c([30*])c(O[6*])c([H])c2n1,[H]Oc1c([H])c([H])c2c(N([H])C([H])([H])C([H])([H])[H])nc([H])nc2c1[H],ASN879
6SCM_L7H_A,[5*]c1nc(N([H])[C@@]([10*])([18*])[H])c2c([H])c(O[15*])c(OC([H])([H])[H])c([H])c2n1,[H]Oc1c(OC([H])([H])[H])c([H])c2nc([H])nc(N([H])C([H])([H])[H])c2c1[H],ASN879
6SCM_L7H_A,[5*]c1nc(N([H])[C@@]([10*])([18*])[H])c2c([H])c(O[C@]3([H])C([H])([H])OC([H])([H])C3([H])[H])c([31*])c([H])c2n1,[H]c1nc(N([H])C([H])([H])[H])c2c([H])c(O[C@]3([H])C([H])([H])OC([H])([H])C3([H])[H])c([H])c([H])c2n1,ASN879
6SCM_L7H_A,[5*]c1nc(N([H])[C@@]([10*])([18*])[H])c2c([H])c([30*])c(OC([H])([H])[H])c([H])c2n1,[H]c1nc(N([H])C([H])([H])[H])c2c([H])c([H])c(OC([H])([H])[H])c([H])c2n1,ASN879
6SCM_L7H_A,[5*]c1nc(N([H])[C@]([10*])([H])C([H])([H])[H])c2c([H])c(O[15*])c([31*])c([H])c2n1,[H]Oc1c([H])c([H])c2nc([H])nc(N([H])C([H])([H])C([H])([H])[H])c2c1[H],ASN879
6SCM_L7H_A,[5*]c1nc(N([H])[C@]([10*])([H])C([H])([H])[H])c2c([H])c([30*])c([31*])c([H])c2n1,[H]c1nc(N([H])C([H])([H])C([H])([H])[H])c2c([H])c([H])c([H])c([H])c2n1,ASN879
6SCM_L7H_A,[5*]c1nc(N([H])[C@@]([H])(c2c([H])c([21*])c([H])c(N([H])[H])c2[H])C([H])([H])[H])c2c([H])c([30*])c([31*])c([H])c2n1,[H]c1nc(N([H])[C@@]([H])(c2c([H])c([H])c([H])c(N([H])[H])c2[H])C([H])([H])[H])c2c([H])c([H])c([H])c([H])c2n1,"MET878,ASN879"
6SCM_L7H_A,[6*]Oc1c(O[15*])c([H])c2c(N([H])[C@@]([10*])([18*])[H])nc(C([H])([H])[H])nc2c1[H],[H]Oc1c(O[H])c([H])c2c(N([H])C([H])([H])[H])nc(C([H])([H])[H])nc2c1[H],ASN879
6SCM_L7H_A,[6*]Oc1c([30*])c([H])c2c(N([H])[C@@]([10*])([18*])[H])nc(C([H])([H])[H])nc2c1[H],[H]Oc1c([H])c([H])c2c(N([H])C([H])([H])[H])nc(C([H])([H])[H])nc2c1[H],ASN879
6SCM_L7H_A,[10*][C@]([18*])([H])N([H])c1nc(C([H])([H])[H])nc2c([H])c([31*])c(O[15*])c([H])c12,[H]Oc1c([H])c([H])c2nc(C([H])([H])[H])nc(N([H])C([H])([H])[H])c2c1[H],ASN879
6SCM_L7H_A,[10*][C@]([18*])([H])N([H])c1nc(C([H])([H])[H])nc2c([H])c([31*])c([30*])c([H])c12,[H]c1c([H])c([H])c2c(N([H])C([H])([H])[H])nc(C([H])([H])[H])nc2c1[H],ASN879
6SCM_L7H_A,[9*]c1c([H])c(N([H])[H])c([H])c(C([24*])([25*])[26*])c1[H],[H]c1c([H])c(N([H])[H])c([H])c(C([H])([H])[H])c1[H],MET878
6SCM_L7H_A,[18*][C@]([H])(c1c([H])c([21*])c([H])c(N([H])[H])c1[H])N([H])c1nc(C([H])([H])[H])nc2c([H])c([31*])c([30*])c([H])c12,[H]c1c([H])c(N([H])[H])c([H])c(C([H])([H])N([H])c2nc(C([H])([H])[H])nc3c([H])c([H])c([H])c([H])c23)c1[H],"MET878,ASN879"
6SCM_L7H_A,[21*]c1c([H])c([28*])c([H])c([C@]([H])(N([H])c2nc(C([H])([H])[H])nc3c([H])c([31*])c([30*])c([H])c23)C([H])([H])[H])c1[H],[H]c1c([H])c([H])c([C@]([H])(N([H])c2nc(C([H])([H])[H])nc3c([H])c([H])c([H])c([H])c23)C([H])([H])[H])c([H])c1[H],ASN879
6SCM_L7H_A,[3*]N([H])[C@@]([18*])([H])c1c([H])c([28*])c([H])c(C([24*])([25*])F)c1[H],[H]c1c([H])c(C([H])([H])F)c([H])c(C([H])([H])N([H])[H])c1[H],ASN879
6SCM_L7H_A,[3*]N([H])[C@@]([18*])([H])c1c([H])c([28*])c([H])c(C([24*])([26*])F)c1[H],[H]c1c([H])c(C([H])([H])F)c([H])c(C([H])([H])N([H])[H])c1[H],ASN879
6SCM_L7H_A,[3*]N([H])[C@@]([18*])([H])c1c([H])c([28*])c([H])c(C([25*])([26*])F)c1[H],[H]c1c([H])c(C([H])([H])F)c([H])c(C([H])([H])N([H])[H])c1[H],ASN879
6SCM_L7H_A,[3*]N([H])[C@@]([18*])([H])c1c([H])c(N([H])[H])c([H])c(C([24*])([25*])[26*])c1[H],[H]c1c(N([H])[H])c([H])c(C([H])([H])N([H])[H])c([H])c1C([H])([H])[H],"MET878,ASN879"
6SCM_L7H_A,[3*]N([H])[C@@]([H])(c1c([H])c([28*])c([H])c(C([24*])([25*])[26*])c1[H])C([H])([H])[H],[H]c1c([H])c(C([H])([H])[H])c([H])c([C@]([H])(N([H])[H])C([H])([H])[H])c1[H],ASN879
6SCM_L7H_A,[4*][C@@]([18*])([H])c1c([H])c(N([H])[H])c([H])c(C([24*])([25*])[26*])c1[H],[H]c1c(N([H])[H])c([H])c(C([H])([H])[H])c([H])c1C([H])([H])[H],MET878
6SCM_L7H_A,[5*]c1nc(N([H])[C@@]([10*])([18*])[H])c2c([H])c(O[15*])c(O[6*])c([H])c2n1,[H]Oc1c(O[H])c([H])c2c(N([H])C([H])([H])[H])nc([H])nc2c1[H],ASN879
6SCM_L7H_A,[5*]c1nc(N([H])[C@@]([10*])([18*])[H])c2c([H])c([30*])c(O[6*])c([H])c2n1,[H]Oc1c([H])c([H])c2c(N([H])C([H])([H])[H])nc([H])nc2c1[H],ASN879
6SCM_L7H_A,[5*]c1nc(N([H])[C@@]([18*])([H])c2c([H])c([21*])c([H])c(N([H])[H])c2[H])c2c([H])c([30*])c(O[6*])c([H])c2n1,[H]Oc1c([H])c([H])c2c(N([H])C([H])([H])c3c([H])c([H])c([H])c(N([H])[H])c3[H])nc([H])nc2c1[H],"MET878,ASN879"
6SCM_L7H_A,[5*]c1nc(N([H])[C@@]([H])(c2c([H])c([21*])c([H])c([28*])c2[H])C([H])([H])[H])c2c([H])c([30*])c(O[6*])c([H])c2n1,[H]Oc1c([H])c([H])c2c(N([H])[C@@]([H])(c3c([H])c([H])c([H])c([H])c3[H])C([H])([H])[H])nc([H])nc2c1[H],ASN879
6SCM_L7H_A,[5*]c1nc(N([H])[C@@]([10*])([18*])[H])c2c([H])c(O[15*])c([31*])c([H])c2n1,[H]Oc1c([H])c([H])c2nc([H])nc(N([H])C([H])([H])[H])c2c1[H],ASN879
6SCM_L7H_A,[5*]c1nc(N([H])[C@@]([10*])([18*])[H])c2c([H])c([30*])c([31*])c([H])c2n1,[H]c1nc(N([H])C([H])([H])[H])c2c([H])c([H])c([H])c([H])c2n1,ASN879
6SCM_L7H_A,[5*]c1nc(N([H])[C@@]([18*])([H])c2c([H])c([21*])c([H])c(N([H])[H])c2[H])c2c([H])c(O[15*])c([31*])c([H])c2n1,[H]Oc1c([H])c([H])c2nc([H])nc(N([H])C([H])([H])c3c([H])c([H])c([H])c(N([H])[H])c3[H])c2c1[H],"MET878,ASN879"
6SCM_L7H_A,[5*]c1nc(N([H])[C@@]([18*])([H])c2c([H])c([21*])c([H])c(N([H])[H])c2[H])c2c([H])c([30*])c([31*])c([H])c2n1,[H]c1nc(N([H])C([H])([H])c2c([H])c([H])c([H])c(N([H])[H])c2[H])c2c([H])c([H])c([H])c([H])c2n1,"MET878,ASN879"
6SCM_L7H_A,[5*]c1nc(N([H])[C@@]([18*])([H])c2c([H])c([21*])c([H])c([28*])c2[H])c2c([H])c([30*])c(OC([H])([H])[H])c([H])c2n1,[H]c1nc(N([H])C([H])([H])c2c([H])c([H])c([H])c([H])c2[H])c2c([H])c([H])c(OC([H])([H])[H])c([H])c2n1,ASN879
6SCM_L7H_A,[5*]c1nc(N([H])[C@@]([H])(c2c([H])c([21*])c([H])c([28*])c2[H])C([H])([H])[H])c2c([H])c(O[15*])c([31*])c([H])c2n1,[H]Oc1c([H])c([H])c2nc([H])nc(N([H])[C@@]([H])(c3c([H])c([H])c([H])c([H])c3[H])C([H])([H])[H])c2c1[H],ASN879
6SCM_L7H_A,[5*]c1nc(N([H])[C@@]([H])(c2c([H])c([21*])c([H])c([28*])c2[H])C([H])([H])[H])c2c([H])c([30*])c([31*])c([H])c2n1,[H]c1nc(N([H])[C@@]([H])(c2c([H])c([H])c([H])c([H])c2[H])C([H])([H])[H])c2c([H])c([H])c([H])c([H])c2n1,ASN879
6SCM_L7H_A,[6*]Oc1c([30*])c([H])c2c(N([H])[C@@]([18*])([H])c3c([H])c([21*])c([H])c([28*])c3[H])nc(C([H])([H])[H])nc2c1[H],[H]Oc1c([H])c([H])c2c(N([H])C([H])([H])c3c([H])c([H])c([H])c([H])c3[H])nc(C([H])([H])[H])nc2c1[H],ASN879
6SCM_L7H_A,[15*]Oc1c([31*])c([H])c2nc(C([H])([H])[H])nc(N([H])[C@@]([18*])([H])c3c([H])c([21*])c([H])c([28*])c3[H])c2c1[H],[H]Oc1c([H])c([H])c2nc(C([H])([H])[H])nc(N([H])C([H])([H])c3c([H])c([H])c([H])c([H])c3[H])c2c1[H],ASN879
6SCM_L7H_A,[18*][C@]([H])(c1c([H])c([21*])c([H])c([28*])c1[H])N([H])c1nc(C([H])([H])[H])nc2c([H])c([31*])c([30*])c([H])c12,[H]c1c([H])c([H])c(C([H])([H])N([H])c2nc(C([H])([H])[H])nc3c([H])c([H])c([H])c([H])c23)c([H])c1[H],ASN879
6SCM_L7H_A,[3*]N([H])[C@@]([18*])([H])c1c([H])c([28*])c([H])c(C([24*])([25*])[26*])c1[H],[H]c1c([H])c(C([H])([H])[H])c([H])c(C([H])([H])N([H])[H])c1[H],ASN879
6SCM_L7H_A,[5*]c1nc(N([H])[C@@]([18*])([H])c2c([H])c([21*])c([H])c([28*])c2[H])c2c([H])c(O[15*])c(O[6*])c([H])c2n1,[H]Oc1c(O[H])c([H])c2c(N([H])C([H])([H])c3c([H])c([H])c([H])c([H])c3[H])nc([H])nc2c1[H],ASN879
6SCM_L7H_A,[5*]c1nc(N([H])[C@@]([18*])([H])c2c([H])c([21*])c([H])c([28*])c2[H])c2c([H])c([30*])c(O[6*])c([H])c2n1,[H]Oc1c([H])c([H])c2c(N([H])C([H])([H])c3c([H])c([H])c([H])c([H])c3[H])nc([H])nc2c1[H],ASN879
6SCM_L7H_A,[5*]c1nc(N([H])[C@@]([18*])([H])c2c([H])c([21*])c([H])c([28*])c2[H])c2c([H])c(O[15*])c([31*])c([H])c2n1,[H]Oc1c([H])c([H])c2nc([H])nc(N([H])C([H])([H])c3c([H])c([H])c([H])c([H])c3[H])c2c1[H],ASN879
6SCM_L7H_A,[5*]c1nc(N([H])[C@@]([18*])([H])c2c([H])c([21*])c([H])c([28*])c2[H])c2c([H])c([30*])c([31*])c([H])c2n1,[H]c1nc(N([H])C([H])([H])c2c([H])c([H])c([H])c([H])c2[H])c2c([H])c([H])c([H])c([H])c2n1,ASN879
6SCM_L7H_A,[5*]c1nc(N([H])[C@@]([18*])([H])c2c([H])c([28*])c([H])c(C([24*])([25*])F)c2[H])c2c([H])c([30*])c([31*])c([H])c2n1,[H]c1nc(N([H])C([H])([H])c2c([H])c([H])c([H])c(C([H])([H])F)c2[H])c2c([H])c([H])c([H])c([H])c2n1,ASN879
6SCM_L7H_A,[5*]c1nc(N([H])[C@@]([18*])([H])c2c([H])c([28*])c([H])c(C([24*])([26*])F)c2[H])c2c([H])c([30*])c([31*])c([H])c2n1,[H]c1nc(N([H])C([H])([H])c2c([H])c([H])c([H])c(C([H])([H])F)c2[H])c2c([H])c([H])c([H])c([H])c2n1,ASN879
6SCM_L7H_A,[5*]c1nc(N([H])[C@@]([18*])([H])c2c([H])c([28*])c([H])c(C([25*])([26*])F)c2[H])c2c([H])c([30*])c([31*])c([H])c2n1,[H]c1nc(N([H])C([H])([H])c2c([H])c([H])c([H])c(C([H])([H])F)c2[H])c2c([H])c([H])c([H])c([H])c2n1,ASN879
6SCM_L7H_A,[5*]c1nc(N([H])[C@@]([18*])([H])c2c([H])c(N([H])[H])c([H])c(C([24*])([25*])[26*])c2[H])c2c([H])c([30*])c([31*])c([H])c2n1,[H]c1nc(N([H])C([H])([H])c2c([H])c(N([H])[H])c([H])c(C([H])([H])[H])c2[H])c2c([H])c([H])c([H])c([H])c2n1,"MET878,ASN879"
6SCM_L7H_A,[5*]c1nc(N([H])[C@@]([H])(c2c([H])c([28*])c([H])c(C([24*])([25*])[26*])c2[H])C([H])([H])[H])c2c([H])c([30*])c([31*])c([H])c2n1,[H]c1nc(N([H])[C@@]([H])(c2c([H])c([H])c([H])c(C([H])([H])[H])c2[H])C([H])([H])[H])c2c([H])c([H])c([H])c([H])c2n1,ASN879
6SCM_L7H_A,[18*][C@]([H])(c1c([H])c([28*])c([H])c(C([24*])([25*])[26*])c1[H])N([H])c1nc(C([H])([H])[H])nc2c([H])c([31*])c([30*])c([H])c12,[H]c1c([H])c(C([H])([H])[H])c([H])c(C([H])([H])N([H])c2nc(C([H])([H])[H])nc3c([H])c([H])c([H])c([H])c23)c1[H],ASN879
6SCM_L7H_A,[5*]c1nc(N([H])[C@@]([18*])([H])c2c([H])c([28*])c([H])c(C([24*])([25*])[26*])c2[H])c2c([H])c([30*])c(O[6*])c([H])c2n1,[H]Oc1c([H])c([H])c2c(N([H])C([H])([H])c3c([H])c([H])c([H])c(C([H])([H])[H])c3[H])nc([H])nc2c1[H],ASN879
6SCM_L7H_A,[5*]c1nc(N([H])[C@@]([18*])([H])c2c([H])c([28*])c([H])c(C([24*])([25*])[26*])c2[H])c2c([H])c(O[15*])c([31*])c([H])c2n1,[H]Oc1c([H])c([H])c2nc([H])nc(N([H])C([H])([H])c3c([H])c([H])c([H])c(C([H])([H])[H])c3[H])c2c1[H],ASN879
6SCM_L7H_A,[5*]c1nc(N([H])[C@@]([18*])([H])c2c([H])c([28*])c([H])c(C([24*])([25*])[26*])c2[H])c2c([H])c([30*])c([31*])c([H])c2n1,[H]c1nc(N([H])C([H])([H])c2c([H])c([H])c([H])c(C([H])([H])[H])c2[H])c2c([H])c([H])c([H])c([H])c2n1,ASN879
